occupancy_id,shelter_id,season_id,date_id,total_capacity,occupied_beds,available_beds,occupancy_rate,average_age,male_percentage,female_percentage
1,1,1,52,85,62,23,72.9,19,43,57
2,2,2,3,128,117,11,91.4,58,45,55
3,3,2,468,190,144,46,75.8,56,52,48
4,4,3,323,115,7,108,6.1,63,48,52
5,5,2,310,155,65,90,41.9,21,48,52
6,6,3,49,81,61,20,75.3,41,51,49
7,7,1,497,261,108,153,41.4,26,44,56
8,8,3,79,105,83,22,79.0,51,52,48
9,9,1,518,241,179,62,74.3,21,67,33
10,10,1,150,181,96,85,53.0,24,56,44
11,11,2,159,152,134,18,88.2,54,61,39
12,12,1,188,270,147,123,54.4,37,63,37
13,13,4,347,96,29,67,30.2,47,66,34
14,14,3,284,183,3,180,1.6,22,50,50
15,12,1,205,55,26,29,47.3,44,62,38
16,15,3,407,53,41,12,77.4,39,59,41
17,16,1,4,300,170,130,56.7,61,50,50
18,17,2,88,72,54,18,75.0,55,63,37
19,18,3,290,149,141,8,94.6,45,48,52
20,19,2,110,189,112,77,59.3,38,65,35
21,20,1,362,181,47,134,26.0,32,48,52
22,21,4,25,242,69,173,28.5,47,53,47
23,22,3,232,271,271,0,100.0,30,44,56
24,23,3,188,78,68,10,87.2,32,47,53
25,24,3,450,197,191,6,97.0,47,69,31
26,25,1,500,208,118,90,56.7,21,44,56
27,26,4,341,151,96,55,63.6,27,54,46
28,27,3,335,251,206,45,82.1,47,44,56
29,28,3,416,91,15,76,16.5,62,66,34
30,29,2,524,210,55,155,26.2,38,41,59
31,30,3,254,80,33,47,41.2,30,61,39
32,31,2,417,198,88,110,44.4,21,60,40
33,32,2,244,158,37,121,23.4,50,45,55
34,33,3,253,57,33,24,57.9,64,59,41
35,34,1,418,115,64,51,55.7,31,53,47
36,35,2,522,60,12,48,20.0,31,51,49
37,36,2,519,298,233,65,78.2,36,41,59
38,37,3,112,300,8,292,2.7,45,63,37
39,38,1,468,267,42,225,15.7,45,48,52
40,39,1,491,286,202,84,70.6,20,51,49
41,40,2,45,73,33,40,45.2,25,40,60
42,41,1,407,106,25,81,23.6,30,44,56
43,42,3,268,217,70,147,32.3,60,43,57
44,43,1,462,153,100,53,65.4,60,42,58
45,44,1,281,155,100,55,64.5,28,68,32
46,45,1,324,199,189,10,95.0,58,60,40
47,46,2,232,265,236,29,89.1,49,58,42
48,47,4,361,128,54,74,42.2,44,66,34
49,48,4,409,85,37,48,43.5,43,42,58
50,49,3,271,254,55,199,21.7,45,57,43
51,50,3,318,188,167,21,88.8,53,58,42
52,51,1,88,158,37,121,23.4,63,55,45
53,52,4,152,281,240,41,85.4,45,59,41
54,53,3,201,295,170,125,57.6,42,68,32
55,54,2,231,294,62,232,21.1,55,65,35
56,55,2,254,83,12,71,14.5,18,70,30
57,56,1,435,232,74,158,31.9,24,70,30
58,25,1,185,106,8,98,7.5,50,56,44
59,7,4,121,293,236,57,80.5,30,66,34
60,57,1,442,205,106,99,51.7,36,50,50
61,58,2,453,189,84,105,44.4,57,58,42
62,59,3,234,273,266,7,97.4,63,52,48
63,60,3,504,226,98,128,43.4,22,45,55
64,61,4,439,110,5,105,4.5,41,53,47
65,62,1,2,71,2,69,2.8,55,59,41
66,22,3,513,300,224,76,74.7,34,56,44
67,14,2,529,218,53,165,24.3,38,52,48
68,63,3,421,184,165,19,89.7,48,58,42
69,64,2,117,169,148,21,87.6,19,55,45
70,65,2,185,239,131,108,54.8,65,58,42
71,66,1,419,135,17,118,12.6,60,70,30
72,67,2,459,110,78,32,70.9,44,52,48
73,68,3,448,287,274,13,95.5,51,50,50
74,69,2,191,216,36,180,16.7,22,49,51
75,70,2,191,60,47,13,78.3,33,66,34
76,71,2,222,113,46,67,40.7,37,67,33
77,72,4,533,298,93,205,31.2,18,47,53
78,73,1,235,152,90,62,59.2,21,63,37
79,74,4,458,257,131,126,51.0,23,44,56
80,75,4,58,288,142,146,49.3,25,46,54
81,76,3,386,186,127,59,68.3,23,56,44
82,77,1,237,147,81,66,55.1,32,56,44
83,78,1,47,116,101,15,87.1,48,52,48
84,79,1,113,104,7,97,6.7,31,56,44
85,80,1,151,217,76,141,35.0,43,43,57
86,81,1,77,97,34,63,35.1,23,68,32
87,82,1,1,145,102,43,70.3,28,46,54
88,8,2,170,207,38,169,18.4,47,53,47
89,83,1,256,76,19,57,25.0,22,66,34
90,84,1,190,97,63,34,64.9,60,49,51
91,85,2,14,82,22,60,26.8,24,62,38
92,86,2,186,252,159,93,63.1,48,56,44
93,87,4,474,209,148,61,70.8,54,41,59
94,88,2,404,263,13,250,4.9,29,45,55
95,89,3,38,246,54,192,22.0,31,70,30
96,8,3,401,176,163,13,92.6,43,49,51
97,90,4,163,236,208,28,88.1,58,68,32
98,91,1,424,241,89,152,36.9,43,59,41
99,92,2,171,63,31,32,49.2,40,42,58
100,93,3,441,205,83,122,40.5,36,65,35
101,94,2,400,251,121,130,48.2,27,52,48
102,95,3,364,79,5,74,6.3,44,58,42
103,96,2,505,213,31,182,14.6,61,53,47
104,97,1,225,159,92,67,57.9,31,48,52
105,98,2,402,50,11,39,22.0,31,68,32
106,5,3,300,199,146,53,73.4,42,57,43
107,99,4,171,99,88,11,88.9,65,52,48
108,100,3,186,220,72,148,32.7,56,66,34
109,101,4,23,299,177,122,59.2,25,42,58
110,102,1,31,144,31,113,21.5,25,60,40
111,103,2,151,96,1,95,1.0,43,50,50
112,104,2,484,91,87,4,95.6,53,62,38
113,105,4,486,160,7,153,4.4,24,54,46
114,106,1,54,300,190,110,63.3,21,55,45
115,107,2,345,181,58,123,32.0,64,55,45
116,108,2,110,58,17,41,29.3,60,52,48
117,109,1,260,243,62,181,25.5,18,44,56
118,110,2,32,209,128,81,61.2,65,51,49
119,111,3,492,192,186,6,96.9,23,56,44
120,112,2,27,243,81,162,33.3,25,69,31
121,113,1,220,205,89,116,43.4,56,63,37
122,114,2,490,93,34,59,36.6,46,41,59
123,115,1,165,287,169,118,58.9,29,70,30
124,42,1,531,277,65,212,23.5,58,70,30
125,116,4,155,225,161,64,71.6,43,48,52
126,34,4,450,82,24,58,29.3,24,45,55
127,117,3,210,187,176,11,94.1,29,54,46
128,118,1,430,293,102,191,34.8,39,42,58
129,119,3,135,186,162,24,87.1,56,48,52
130,109,1,182,197,169,28,85.8,24,58,42
131,120,4,214,95,80,15,84.2,31,63,37
132,121,1,214,298,73,225,24.5,25,58,42
133,122,3,19,247,164,83,66.4,20,68,32
134,123,1,463,227,142,85,62.6,45,55,45
135,59,4,220,274,269,5,98.2,57,52,48
136,124,4,51,113,80,33,70.8,58,44,56
137,125,1,478,124,3,121,2.4,45,48,52
138,49,1,408,256,193,63,75.4,20,66,34
139,126,4,159,283,223,60,78.8,56,50,50
140,127,1,285,115,82,33,71.3,55,62,38
141,98,1,419,69,11,58,15.9,49,47,53
142,128,4,242,204,47,157,23.0,49,60,40
143,129,2,180,241,63,178,26.1,61,66,34
144,130,3,188,224,148,76,66.1,55,42,58
145,126,1,116,186,69,117,37.1,29,57,43
146,131,1,311,291,262,29,90.0,28,51,49
147,132,3,129,89,82,7,92.1,62,40,60
148,114,1,84,111,107,4,96.4,36,55,45
149,133,3,90,86,85,1,98.8,44,41,59
150,134,3,202,121,90,31,74.4,56,48,52
151,135,4,132,132,7,125,5.3,62,69,31
152,136,2,302,232,228,4,98.3,35,63,37
153,7,1,479,109,87,22,79.8,23,57,43
154,137,3,225,166,46,120,27.7,45,45,55
155,138,4,102,121,66,55,54.5,37,66,34
156,139,2,115,103,14,89,13.6,30,59,41
157,137,4,337,238,138,100,58.0,59,62,38
158,140,1,158,93,12,81,12.9,59,55,45
159,141,1,153,61,49,12,80.3,35,59,41
160,33,3,305,127,66,61,52.0,23,42,58
161,142,1,224,187,122,65,65.2,39,49,51
162,143,4,289,147,114,33,77.6,56,44,56
163,144,3,64,139,32,107,23.0,36,56,44
164,145,1,134,118,80,38,67.8,47,43,57
165,146,1,244,297,1,296,0.3,37,44,56
166,147,2,303,283,119,164,42.0,20,52,48
167,148,2,188,148,115,33,77.7,26,59,41
168,149,3,331,52,0,52,0.0,55,63,37
169,114,4,233,161,15,146,9.3,37,41,59
170,150,4,418,196,146,50,74.5,40,53,47
171,56,3,423,84,72,12,85.7,22,58,42
172,151,4,500,111,51,60,45.9,64,50,50
173,152,2,178,223,144,79,64.6,18,51,49
174,153,2,360,289,159,130,55.0,34,64,36
175,154,2,222,229,138,91,60.3,39,70,30
176,137,3,226,255,17,238,6.7,37,56,44
177,154,4,245,143,35,108,24.5,63,69,31
178,155,3,400,280,5,275,1.8,33,56,44
179,156,1,5,151,111,40,73.5,30,42,58
180,132,1,267,93,11,82,11.8,21,47,53
181,157,1,364,269,172,97,63.9,38,60,40
182,158,2,40,52,18,34,34.6,54,63,37
183,159,2,366,257,243,14,94.6,43,61,39
184,160,2,423,68,68,0,100.0,21,59,41
185,161,2,301,133,65,68,48.9,20,54,46
186,22,3,395,273,95,178,34.8,36,63,37
187,162,1,220,223,127,96,57.0,37,69,31
188,163,3,13,76,8,68,10.5,40,59,41
189,164,3,301,152,50,102,32.9,64,65,35
190,165,2,494,70,24,46,34.3,25,52,48
191,111,1,520,147,12,135,8.2,38,62,38
192,166,3,192,93,14,79,15.1,23,49,51
193,167,1,79,65,25,40,38.5,49,51,49
194,168,4,228,294,95,199,32.3,43,63,37
195,101,1,469,188,73,115,38.8,46,50,50
196,169,1,286,165,142,23,86.1,32,60,40
197,170,4,50,299,100,199,33.4,51,50,50
198,171,3,137,233,185,48,79.4,38,67,33
199,172,1,448,83,72,11,86.7,46,59,41
200,173,1,500,294,180,114,61.2,39,58,42
201,174,2,4,244,95,149,38.9,37,65,35
202,175,2,287,239,185,54,77.4,37,65,35
203,176,3,10,267,171,96,64.0,53,70,30
204,177,4,24,210,206,4,98.1,30,59,41
205,178,4,288,63,49,14,77.8,32,67,33
206,179,1,294,228,68,160,29.8,26,67,33
207,180,2,166,68,26,42,38.2,58,44,56
208,181,1,437,170,127,43,74.7,30,54,46
209,95,1,40,275,134,141,48.7,37,56,44
210,182,4,269,152,122,30,80.3,24,56,44
211,183,1,502,93,57,36,61.3,59,49,51
212,184,4,57,288,3,285,1.0,60,57,43
213,185,4,184,64,19,45,29.7,65,51,49
214,186,4,124,153,153,0,100.0,25,45,55
215,187,3,46,193,171,22,88.6,54,70,30
216,188,3,53,225,12,213,5.3,41,51,49
217,189,2,218,155,139,16,89.7,43,51,49
218,190,4,257,169,23,146,13.6,37,47,53
219,191,3,387,165,75,90,45.5,58,50,50
220,192,2,121,68,15,53,22.1,22,43,57
221,193,1,368,179,142,37,79.3,61,69,31
222,8,3,140,164,5,159,3.0,42,67,33
223,194,4,262,176,20,156,11.4,25,46,54
224,195,3,408,66,23,43,34.8,29,45,55
225,196,1,27,281,100,181,35.6,41,43,57
226,197,4,343,269,144,125,53.5,44,40,60
227,198,3,90,82,43,39,52.4,60,68,32
228,199,4,285,178,63,115,35.4,39,65,35
229,200,4,141,297,15,282,5.1,43,50,50
230,134,3,175,294,66,228,22.4,56,61,39
231,124,4,280,270,42,228,15.6,51,60,40
232,201,3,421,112,34,78,30.4,52,60,40
233,202,1,225,140,16,124,11.4,35,44,56
234,203,1,452,135,21,114,15.6,52,55,45
235,114,1,160,193,9,184,4.7,58,51,49
236,204,2,516,133,40,93,30.1,60,46,54
237,205,1,274,184,120,64,65.2,19,56,44
238,206,2,461,140,124,16,88.6,62,55,45
239,207,4,300,93,75,18,80.6,60,45,55
240,124,1,198,74,71,3,95.9,38,42,58
241,208,4,457,298,228,70,76.5,65,53,47
242,209,1,504,122,31,91,25.4,55,55,45
243,210,2,90,285,179,106,62.8,43,62,38
244,211,3,435,81,67,14,82.7,63,66,34
245,42,4,511,232,189,43,81.5,25,64,36
246,212,2,67,255,49,206,19.2,38,67,33
247,213,1,473,299,124,175,41.5,23,61,39
248,214,4,323,58,31,27,53.4,28,60,40
249,215,4,12,75,19,56,25.3,54,50,50
250,216,4,82,61,27,34,44.3,28,42,58
251,86,3,44,281,67,214,23.8,47,53,47
252,217,4,126,209,63,146,30.1,58,57,43
253,218,4,405,267,161,106,60.3,24,44,56
254,219,4,91,132,16,116,12.1,64,40,60
255,220,2,465,203,63,140,31.0,38,53,47
256,175,2,337,158,47,111,29.7,24,65,35
257,53,4,133,186,13,173,7.0,33,49,51
258,221,4,398,194,99,95,51.0,19,49,51
259,222,4,213,130,71,59,54.6,63,62,38
260,223,2,65,255,132,123,51.8,25,46,54
261,224,4,444,143,62,81,43.4,58,56,44
262,225,4,286,143,16,127,11.2,31,57,43
263,152,4,163,259,74,185,28.6,58,46,54
264,226,3,324,291,219,72,75.3,32,60,40
265,227,1,388,211,98,113,46.4,38,69,31
266,228,2,89,280,166,114,59.3,43,61,39
267,229,3,277,244,143,101,58.6,20,55,45
268,230,4,270,98,75,23,76.5,31,49,51
269,231,3,97,255,19,236,7.5,53,51,49
270,188,1,250,163,79,84,48.5,24,46,54
271,232,4,412,214,133,81,62.1,62,48,52
272,233,3,511,226,204,22,90.3,47,66,34
273,234,4,12,221,175,46,79.2,41,66,34
274,235,4,172,232,212,20,91.4,38,54,46
275,236,4,506,275,265,10,96.4,61,60,40
276,237,4,1,281,157,124,55.9,26,44,56
277,238,3,53,181,12,169,6.6,64,68,32
278,239,3,524,160,76,84,47.5,36,55,45
279,240,4,166,134,46,88,34.3,20,62,38
280,241,3,26,215,44,171,20.5,27,52,48
281,242,3,76,265,231,34,87.2,43,48,52
282,243,2,156,76,61,15,80.3,27,61,39
283,244,1,66,143,130,13,90.9,23,62,38
284,198,1,525,164,113,51,68.9,37,48,52
285,245,4,291,79,13,66,16.5,42,41,59
286,246,3,249,55,23,32,41.8,59,59,41
287,160,2,26,218,103,115,47.2,40,62,38
288,247,4,209,283,227,56,80.2,41,55,45
289,248,3,63,211,46,165,21.8,57,64,36
290,249,2,355,169,42,127,24.9,27,69,31
291,250,1,349,247,90,157,36.4,59,50,50
292,251,1,165,154,50,104,32.5,65,63,37
293,252,1,65,281,244,37,86.8,24,65,35
294,219,1,35,203,38,165,18.7,58,49,51
295,29,2,367,179,33,146,18.4,44,53,47
296,87,1,374,88,29,59,33.0,20,54,46
297,253,3,520,210,68,142,32.4,51,56,44
298,254,4,69,130,1,129,0.8,65,44,56
299,255,4,359,105,69,36,65.7,60,61,39
300,256,4,303,277,192,85,69.3,24,63,37
301,257,3,31,257,167,90,65.0,26,66,34
302,258,1,164,108,14,94,13.0,63,51,49
303,259,1,296,131,76,55,58.0,55,57,43
304,260,1,238,257,91,166,35.4,52,54,46
305,153,2,80,292,209,83,71.6,46,54,46
306,47,2,64,204,124,80,60.8,47,62,38
307,61,4,9,194,124,70,63.9,24,56,44
308,261,3,390,128,1,127,0.8,39,44,56
309,262,2,272,75,17,58,22.7,63,42,58
310,263,4,275,147,101,46,68.7,33,63,37
311,218,4,201,278,38,240,13.7,41,69,31
312,264,2,415,226,222,4,98.2,19,44,56
313,265,3,445,162,0,162,0.0,53,48,52
314,266,3,325,182,99,83,54.4,60,45,55
315,267,4,78,111,105,6,94.6,61,67,33
316,160,3,90,270,236,34,87.4,30,61,39
317,268,2,485,115,71,44,61.7,40,64,36
318,269,3,322,262,213,49,81.3,45,63,37
319,155,2,434,145,25,120,17.2,52,40,60
320,270,4,299,209,188,21,90.0,19,48,52
321,271,1,77,249,75,174,30.1,47,61,39
322,272,2,117,113,12,101,10.6,41,41,59
323,273,2,260,183,78,105,42.6,59,41,59
324,258,3,370,290,228,62,78.6,32,40,60
325,274,3,459,188,161,27,85.6,62,64,36
326,134,3,451,268,200,68,74.6,60,49,51
327,275,1,170,271,230,41,84.9,44,56,44
328,181,1,339,226,86,140,38.1,56,43,57
329,276,4,111,74,39,35,52.7,19,49,51
330,277,1,260,242,121,121,50.0,54,41,59
331,278,1,411,247,20,227,8.1,63,46,54
332,279,3,325,132,123,9,93.2,46,44,56
333,280,4,249,166,157,9,94.6,58,59,41
334,281,4,470,68,54,14,79.4,44,70,30
335,282,1,65,284,7,277,2.5,53,57,43
336,283,2,217,117,56,61,47.9,39,61,39
337,284,3,101,299,82,217,27.4,45,41,59
338,285,3,108,77,31,46,40.3,23,56,44
339,264,1,98,242,226,16,93.4,27,57,43
340,286,4,60,211,205,6,97.2,20,60,40
341,287,3,196,51,0,51,0.0,28,41,59
342,231,4,477,243,188,55,77.4,59,41,59
343,161,4,61,80,36,44,45.0,60,68,32
344,288,4,13,189,47,142,24.9,42,68,32
345,289,4,177,174,129,45,74.1,46,41,59
346,290,3,514,157,26,131,16.6,29,48,52
347,97,2,295,154,88,66,57.1,34,50,50
348,15,3,180,167,126,41,75.4,26,58,42
349,291,1,527,182,155,27,85.2,53,55,45
350,97,2,462,121,80,41,66.1,52,44,56
351,292,4,55,174,107,67,61.5,32,66,34
352,38,2,56,285,218,67,76.5,64,67,33
353,293,4,519,158,44,114,27.8,27,63,37
354,294,3,433,197,148,49,75.1,28,64,36
355,295,4,521,66,23,43,34.8,51,52,48
356,296,1,101,141,73,68,51.8,62,40,60
357,297,4,433,101,3,98,3.0,35,41,59
358,298,3,307,263,166,97,63.1,29,47,53
359,299,4,119,189,148,41,78.3,23,57,43
360,300,3,388,158,20,138,12.7,24,57,43
361,301,4,57,219,129,90,58.9,43,42,58
362,302,2,140,155,96,59,61.9,28,46,54
363,178,4,409,64,64,0,100.0,18,51,49
364,100,1,148,91,68,23,74.7,60,48,52
365,303,2,317,54,41,13,75.9,60,47,53
366,35,1,390,120,94,26,78.3,37,65,35
367,181,4,420,221,14,207,6.3,30,55,45
368,304,2,277,299,97,202,32.4,61,47,53
369,305,2,204,219,35,184,16.0,25,53,47
370,306,4,431,202,184,18,91.1,40,50,50
371,168,1,353,270,26,244,9.6,40,53,47
372,6,3,298,240,42,198,17.5,36,50,50
373,307,2,154,185,98,87,53.0,32,41,59
374,308,4,98,254,0,254,0.0,29,51,49
375,138,2,187,60,33,27,55.0,47,61,39
376,309,2,432,124,70,54,56.5,59,51,49
377,310,2,133,271,129,142,47.6,46,58,42
378,311,3,472,218,178,40,81.7,63,63,37
379,312,1,475,52,51,1,98.1,33,52,48
380,313,1,239,292,39,253,13.4,18,64,36
381,256,2,181,298,240,58,80.5,41,42,58
382,314,3,334,109,22,87,20.2,48,64,36
383,315,2,431,69,46,23,66.7,64,59,41
384,57,3,49,227,177,50,78.0,18,46,54
385,316,4,131,245,164,81,66.9,24,48,52
386,317,2,340,208,196,12,94.2,63,69,31
387,318,4,74,176,137,39,77.8,61,63,37
388,319,4,438,238,137,101,57.6,27,49,51
389,74,2,335,78,71,7,91.0,57,42,58
390,53,4,189,286,220,66,76.9,43,69,31
391,118,4,530,159,144,15,90.6,49,54,46
392,186,2,150,180,61,119,33.9,27,67,33
393,320,3,175,128,84,44,65.6,31,50,50
394,321,4,120,78,2,76,2.6,43,47,53
395,102,3,27,184,140,44,76.1,25,48,52
396,289,2,296,79,48,31,60.8,62,62,38
397,322,1,50,139,107,32,77.0,64,47,53
398,323,2,195,188,6,182,3.2,46,64,36
399,324,1,489,238,165,73,69.3,45,44,56
400,325,3,219,91,38,53,41.8,44,55,45
401,209,3,16,278,177,101,63.7,64,52,48
402,294,4,18,274,52,222,19.0,62,62,38
403,326,2,59,100,38,62,38.0,49,55,45
404,20,2,73,152,70,82,46.1,57,42,58
405,213,4,89,221,44,177,19.9,45,43,57
406,327,4,4,56,15,41,26.8,33,58,42
407,179,4,298,95,19,76,20.0,26,58,42
408,328,1,289,175,8,167,4.6,44,63,37
409,329,4,55,126,106,20,84.1,37,44,56
410,330,4,253,290,47,243,16.2,29,62,38
411,318,1,88,281,193,88,68.7,58,69,31
412,331,4,152,258,117,141,45.3,19,48,52
413,170,4,107,106,50,56,47.2,28,54,46
414,332,2,425,75,22,53,29.3,50,60,40
415,99,3,345,157,136,21,86.6,56,42,58
416,333,4,245,148,96,52,64.9,65,66,34
417,334,3,351,142,119,23,83.8,21,43,57
418,335,1,529,182,39,143,21.4,19,63,37
419,333,3,132,166,10,156,6.0,51,53,47
420,336,1,282,272,206,66,75.7,24,58,42
421,44,2,119,159,133,26,83.6,25,45,55
422,337,2,284,68,34,34,50.0,43,47,53
423,69,1,396,246,179,67,72.8,23,51,49
424,111,4,434,253,223,30,88.1,32,62,38
425,338,3,314,180,115,65,63.9,59,49,51
426,322,3,54,66,43,23,65.2,26,43,57
427,339,2,205,231,104,127,45.0,42,46,54
428,95,4,356,113,70,43,61.9,54,60,40
429,340,2,441,243,200,43,82.3,51,68,32
430,341,1,278,55,22,33,40.0,29,47,53
431,342,1,464,226,15,211,6.6,47,58,42
432,343,2,319,218,59,159,27.1,23,45,55
433,132,3,10,171,133,38,77.8,26,57,43
434,344,1,414,50,12,38,24.0,52,43,57
435,345,3,196,161,140,21,87.0,46,68,32
436,346,3,216,132,14,118,10.6,23,58,42
437,19,1,92,64,3,61,4.7,27,54,46
438,127,1,498,268,208,60,77.6,48,48,52
439,86,3,279,78,24,54,30.8,38,43,57
440,347,2,284,137,117,20,85.4,33,67,33
441,348,3,75,288,138,150,47.9,63,59,41
442,30,2,327,162,68,94,42.0,58,44,56
443,179,2,528,206,142,64,68.9,54,45,55
444,298,1,136,220,159,61,72.3,52,55,45
445,349,1,139,101,18,83,17.8,37,58,42
446,226,1,127,160,62,98,38.8,64,66,34
447,350,3,459,73,0,73,0.0,50,41,59
448,95,3,29,106,55,51,51.9,49,58,42
449,163,3,481,168,37,131,22.0,36,63,37
450,351,2,122,151,19,132,12.6,42,70,30
451,87,3,283,111,37,74,33.3,31,42,58
452,352,4,169,136,11,125,8.1,29,57,43
453,353,4,162,68,10,58,14.7,46,53,47
454,185,1,507,160,88,72,55.0,62,51,49
455,5,4,100,102,74,28,72.5,60,58,42
456,108,3,423,184,32,152,17.4,53,48,52
457,225,3,130,248,17,231,6.9,57,49,51
458,354,4,431,188,175,13,93.1,28,48,52
459,202,1,432,163,127,36,77.9,47,68,32
460,355,3,287,101,28,73,27.7,61,56,44
461,356,4,68,276,55,221,19.9,45,44,56
462,357,2,40,136,40,96,29.4,23,66,34
463,358,4,330,286,206,80,72.0,35,67,33
464,359,3,506,83,38,45,45.8,34,47,53
465,360,1,383,166,78,88,47.0,47,69,31
466,361,1,167,80,70,10,87.5,53,63,37
467,21,2,272,231,95,136,41.1,40,45,55
468,14,2,123,187,164,23,87.7,24,53,47
469,362,3,380,249,110,139,44.2,65,61,39
470,350,2,236,77,71,6,92.2,60,44,56
471,363,2,36,181,85,96,47.0,59,42,58
472,99,2,34,77,58,19,75.3,21,68,32
473,75,3,6,213,136,77,63.8,55,51,49
474,181,4,298,299,148,151,49.5,65,52,48
475,364,1,291,79,4,75,5.1,26,48,52
476,365,3,500,298,234,64,78.5,29,51,49
477,366,4,306,116,116,0,100.0,47,70,30
478,367,3,429,198,84,114,42.4,34,47,53
479,133,2,317,95,1,94,1.1,48,59,41
480,368,3,27,290,79,211,27.2,47,56,44
481,230,2,483,248,43,205,17.3,32,42,58
482,29,3,254,174,66,108,37.9,36,49,51
483,369,3,174,185,156,29,84.3,25,54,46
484,140,3,355,238,134,104,56.3,29,59,41
485,370,2,207,199,193,6,97.0,42,58,42
486,371,2,213,123,89,34,72.4,48,50,50
487,325,2,87,256,20,236,7.8,45,54,46
488,372,1,456,85,6,79,7.1,59,40,60
489,373,2,490,60,52,8,86.7,60,62,38
490,146,2,41,175,137,38,78.3,20,46,54
491,374,1,185,246,163,83,66.3,42,52,48
492,375,1,42,126,91,35,72.2,52,43,57
493,376,3,252,136,0,136,0.0,26,51,49
494,377,1,379,159,109,50,68.6,60,70,30
495,378,2,132,114,71,43,62.3,41,49,51
496,219,3,72,194,99,95,51.0,42,63,37
497,351,2,500,158,20,138,12.7,18,47,53
498,60,4,439,210,42,168,20.0,45,69,31
499,379,2,223,189,175,14,92.6,59,58,42
500,380,1,369,150,10,140,6.7,21,58,42
501,264,4,130,67,34,33,50.7,57,49,51
502,381,1,30,94,26,68,27.7,48,46,54
503,327,1,147,279,74,205,26.5,50,43,57
504,154,3,175,124,124,0,100.0,62,46,54
505,382,3,391,91,88,3,96.7,42,45,55
506,367,4,358,138,49,89,35.5,50,62,38
507,383,3,286,236,70,166,29.7,25,49,51
508,50,1,494,81,38,43,46.9,53,62,38
509,384,1,504,131,48,83,36.6,65,67,33
510,273,4,87,242,194,48,80.2,39,54,46
511,385,3,321,64,18,46,28.1,44,70,30
512,386,4,154,51,46,5,90.2,46,48,52
513,29,3,125,247,223,24,90.3,62,61,39
514,383,1,505,91,60,31,65.9,63,61,39
515,387,4,170,278,209,69,75.2,35,66,34
516,255,3,426,92,57,35,62.0,61,49,51
517,388,4,405,239,236,3,98.7,25,57,43
518,382,2,359,183,144,39,78.7,51,68,32
519,389,2,10,98,29,69,29.6,63,61,39
520,390,3,125,266,134,132,50.4,23,58,42
521,286,1,135,200,131,69,65.5,43,70,30
522,391,4,468,287,15,272,5.2,52,60,40
523,338,1,8,234,176,58,75.2,27,48,52
524,392,4,230,63,22,41,34.9,65,50,50
525,311,1,356,117,40,77,34.2,64,49,51
526,42,2,173,238,113,125,47.5,53,66,34
527,393,2,199,143,114,29,79.7,55,62,38
528,394,4,169,208,159,49,76.4,26,53,47
529,208,1,104,217,48,169,22.1,51,65,35
530,202,3,503,184,7,177,3.8,64,49,51
531,386,4,118,188,158,30,84.0,45,70,30
532,395,3,518,142,12,130,8.5,18,68,32
533,1,4,316,78,74,4,94.9,20,40,60
534,106,4,65,91,50,41,54.9,38,47,53
535,88,4,405,192,170,22,88.5,48,42,58
536,396,2,216,257,130,127,50.6,60,41,59
537,397,2,230,269,102,167,37.9,31,61,39
538,398,4,183,61,35,26,57.4,57,42,58
539,48,4,28,216,110,106,50.9,51,49,51
540,399,4,496,229,84,145,36.7,40,49,51
541,400,4,339,157,66,91,42.0,44,47,53
542,128,3,25,172,115,57,66.9,28,70,30
543,401,1,304,78,14,64,17.9,28,58,42
544,402,2,126,294,294,0,100.0,64,55,45
545,122,1,466,184,48,136,26.1,63,43,57
546,403,2,508,296,212,84,71.6,47,47,53
547,404,3,356,130,100,30,76.9,23,57,43
548,381,4,410,257,226,31,87.9,64,60,40
549,60,3,248,88,39,49,44.3,35,59,41
550,405,1,339,164,37,127,22.6,55,67,33
551,406,2,102,103,34,69,33.0,36,63,37
552,407,4,70,223,26,197,11.7,46,52,48
553,200,3,392,198,186,12,93.9,21,41,59
554,408,2,46,282,97,185,34.4,52,63,37
555,409,3,97,234,104,130,44.4,58,63,37
556,261,1,513,198,87,111,43.9,38,64,36
557,410,2,293,204,121,83,59.3,59,55,45
558,411,1,308,277,8,269,2.9,53,48,52
559,224,1,79,177,129,48,72.9,35,44,56
560,412,4,311,118,63,55,53.4,44,67,33
561,328,3,308,200,75,125,37.5,35,66,34
562,413,4,288,75,42,33,56.0,34,41,59
563,358,4,517,92,34,58,37.0,56,60,40
564,414,1,6,206,183,23,88.8,55,54,46
565,415,1,306,257,223,34,86.8,36,52,48
566,253,1,135,292,44,248,15.1,28,70,30
567,106,4,359,140,23,117,16.4,49,44,56
568,93,3,482,173,136,37,78.6,25,49,51
569,141,3,92,240,26,214,10.8,62,50,50
570,279,4,81,247,160,87,64.8,36,63,37
571,416,2,75,238,46,192,19.3,64,51,49
572,417,1,322,286,38,248,13.3,50,41,59
573,418,1,520,92,92,0,100.0,39,69,31
574,419,1,63,250,165,85,66.0,55,59,41
575,273,2,349,193,153,40,79.3,55,51,49
576,420,4,483,213,1,212,0.5,53,56,44
577,38,1,103,137,40,97,29.2,23,65,35
578,421,4,258,245,146,99,59.6,35,50,50
579,422,1,198,257,89,168,34.6,47,70,30
580,423,1,8,284,83,201,29.2,49,63,37
581,424,3,101,60,43,17,71.7,24,53,47
582,98,4,259,71,39,32,54.9,27,50,50
583,289,4,189,228,216,12,94.7,20,65,35
584,158,4,256,91,34,57,37.4,28,57,43
585,112,4,255,275,45,230,16.4,43,51,49
586,82,3,105,206,52,154,25.2,50,65,35
587,179,2,263,244,125,119,51.2,65,53,47
588,327,1,109,237,139,98,58.6,47,51,49
589,425,4,54,291,229,62,78.7,18,67,33
590,426,3,377,299,184,115,61.5,47,50,50
591,203,4,528,200,55,145,27.5,31,64,36
592,427,1,148,213,18,195,8.5,55,48,52
593,291,4,51,133,76,57,57.1,25,46,54
594,375,3,499,129,11,118,8.5,59,61,39
595,289,4,219,236,211,25,89.4,50,59,41
596,428,2,104,63,45,18,71.4,33,55,45
597,133,4,309,56,50,6,89.3,21,63,37
598,429,3,398,252,94,158,37.3,34,41,59
599,401,1,177,234,231,3,98.7,59,57,43
600,430,4,137,289,28,261,9.7,53,55,45
601,431,4,470,283,186,97,65.7,22,65,35
602,432,1,443,224,112,112,50.0,21,66,34
603,433,4,397,270,196,74,72.6,39,62,38
604,168,3,214,177,22,155,12.4,24,57,43
605,434,4,93,254,172,82,67.7,27,52,48
606,213,4,20,59,59,0,100.0,51,40,60
607,435,3,388,125,71,54,56.8,22,61,39
608,436,3,528,124,20,104,16.1,25,47,53
609,437,2,246,284,263,21,92.6,31,41,59
610,220,3,293,239,96,143,40.2,37,46,54
611,438,4,138,115,93,22,80.9,22,46,54
612,430,3,179,292,48,244,16.4,50,61,39
613,233,2,426,217,29,188,13.4,57,43,57
614,439,4,496,75,23,52,30.7,63,45,55
615,440,1,292,82,41,41,50.0,55,60,40
616,234,3,426,55,5,50,9.1,29,57,43
617,441,1,451,204,43,161,21.1,31,67,33
618,442,4,78,238,186,52,78.2,63,54,46
619,139,1,26,186,77,109,41.4,43,67,33
620,443,4,229,268,51,217,19.0,40,51,49
621,444,2,157,117,90,27,76.9,50,48,52
622,229,3,62,165,67,98,40.6,36,42,58
623,20,4,332,266,76,190,28.6,50,45,55
624,339,1,488,58,33,25,56.9,57,45,55
625,275,2,453,91,42,49,46.2,46,51,49
626,445,3,248,88,11,77,12.5,53,60,40
627,415,4,99,238,209,29,87.8,50,69,31
628,446,2,400,263,77,186,29.3,24,61,39
629,401,3,98,101,17,84,16.8,50,53,47
630,424,3,212,104,64,40,61.5,52,45,55
631,139,4,447,124,117,7,94.4,33,41,59
632,447,3,273,129,112,17,86.8,29,46,54
633,448,2,162,211,38,173,18.0,48,53,47
634,390,3,480,274,236,38,86.1,44,49,51
635,378,1,409,187,58,129,31.0,47,43,57
636,449,4,348,254,248,6,97.6,38,49,51
637,450,4,315,236,104,132,44.1,22,61,39
638,116,3,428,175,4,171,2.3,41,45,55
639,310,1,184,202,95,107,47.0,47,57,43
640,221,3,67,261,67,194,25.7,24,42,58
641,217,2,216,110,87,23,79.1,30,55,45
642,264,1,26,124,14,110,11.3,23,41,59
643,340,4,501,225,93,132,41.3,37,51,49
644,404,3,297,173,142,31,82.1,50,68,32
645,297,4,264,271,68,203,25.1,20,69,31
646,451,2,496,159,2,157,1.3,64,43,57
647,367,3,61,299,115,184,38.5,23,57,43
648,452,4,376,164,150,14,91.5,57,40,60
649,338,3,376,190,171,19,90.0,28,69,31
650,367,3,146,67,30,37,44.8,40,69,31
651,150,1,424,129,49,80,38.0,56,63,37
652,138,4,167,153,145,8,94.8,35,41,59
653,453,3,61,299,188,111,62.9,41,63,37
654,450,2,503,263,196,67,74.5,22,65,35
655,454,2,529,213,169,44,79.3,41,42,58
656,291,3,282,292,230,62,78.8,47,50,50
657,455,2,530,129,104,25,80.6,27,48,52
658,456,2,116,139,3,136,2.2,41,53,47
659,457,1,368,212,133,79,62.7,49,61,39
660,450,4,245,252,114,138,45.2,58,68,32
661,22,2,328,226,13,213,5.8,24,70,30
662,32,4,96,74,67,7,90.5,41,64,36
663,458,4,243,204,197,7,96.6,33,57,43
664,385,1,94,155,13,142,8.4,55,67,33
665,414,3,261,198,187,11,94.4,54,70,30
666,459,4,523,261,179,82,68.6,39,69,31
667,460,3,267,262,90,172,34.4,64,68,32
668,461,1,144,118,2,116,1.7,46,69,31
669,462,2,137,182,132,50,72.5,42,48,52
670,174,1,460,258,194,64,75.2,40,56,44
671,131,3,454,280,243,37,86.8,48,62,38
672,104,1,247,261,180,81,69.0,62,48,52
673,283,1,359,160,104,56,65.0,18,48,52
674,463,4,380,227,115,112,50.7,64,46,54
675,464,3,138,219,55,164,25.1,49,40,60
676,465,3,161,55,38,17,69.1,41,46,54
677,466,1,13,109,3,106,2.8,55,59,41
678,467,1,356,111,110,1,99.1,59,70,30
679,468,4,304,186,78,108,41.9,25,61,39
680,469,1,321,126,8,118,6.3,21,45,55
681,74,4,297,225,116,109,51.6,49,60,40
682,14,4,33,163,57,106,35.0,64,48,52
683,297,4,110,71,45,26,63.4,65,49,51
684,2,3,187,226,88,138,38.9,55,58,42
685,380,2,278,225,216,9,96.0,43,51,49
686,470,1,116,207,146,61,70.5,60,66,34
687,426,3,367,273,222,51,81.3,47,53,47
688,16,1,468,99,93,6,93.9,51,64,36
689,471,2,342,61,41,20,67.2,59,70,30
690,472,2,132,280,201,79,71.8,60,52,48
691,66,2,7,257,74,183,28.8,49,49,51
692,473,1,523,98,16,82,16.3,37,42,58
693,474,4,102,247,48,199,19.4,64,48,52
694,164,4,253,169,64,105,37.9,36,56,44
695,235,3,345,165,43,122,26.1,27,52,48
696,328,1,219,293,209,84,71.3,57,43,57
697,475,4,309,188,63,125,33.5,29,42,58
698,476,1,357,236,19,217,8.1,48,47,53
699,477,3,315,256,229,27,89.5,33,50,50
700,446,1,455,228,205,23,89.9,60,51,49
701,478,4,399,79,68,11,86.1,53,70,30
702,174,2,296,209,92,117,44.0,44,66,34
703,250,3,80,246,32,214,13.0,38,62,38
704,267,3,194,125,5,120,4.0,52,45,55
705,479,3,149,240,173,67,72.1,30,61,39
706,278,1,106,87,54,33,62.1,21,67,33
707,286,1,424,211,100,111,47.4,56,61,39
708,427,2,372,118,71,47,60.2,19,64,36
709,480,4,209,55,47,8,85.5,32,52,48
710,58,4,316,68,67,1,98.5,65,55,45
711,481,2,210,285,74,211,26.0,64,45,55
712,83,1,278,67,61,6,91.0,38,40,60
713,482,2,238,266,189,77,71.1,32,57,43
714,50,3,395,256,81,175,31.6,33,67,33
715,127,1,247,271,206,65,76.0,64,56,44
716,409,1,215,208,35,173,16.8,56,70,30
717,358,4,29,122,119,3,97.5,56,45,55
718,284,3,228,195,55,140,28.2,32,40,60
719,39,4,49,142,52,90,36.6,58,54,46
720,483,1,326,292,141,151,48.3,65,56,44
721,484,3,375,208,45,163,21.6,39,58,42
722,484,4,39,228,223,5,97.8,47,59,41
723,4,4,495,219,1,218,0.5,36,61,39
724,485,2,471,220,169,51,76.8,61,44,56
725,486,3,24,292,36,256,12.3,27,44,56
726,487,1,352,261,15,246,5.7,33,64,36
727,488,2,178,171,56,115,32.7,37,51,49
728,122,1,264,189,181,8,95.8,28,55,45
729,395,2,408,114,38,76,33.3,42,44,56
730,273,2,440,167,139,28,83.2,61,57,43
731,489,2,194,299,6,293,2.0,28,67,33
732,50,1,357,120,15,105,12.5,38,40,60
733,490,3,225,74,65,9,87.8,52,67,33
734,491,2,287,209,189,20,90.4,55,55,45
735,492,2,336,79,38,41,48.1,60,57,43
736,493,2,152,76,39,37,51.3,48,46,54
737,443,1,39,271,256,15,94.5,52,70,30
738,282,1,434,93,88,5,94.6,49,42,58
739,494,1,476,278,252,26,90.6,41,62,38
740,117,2,55,174,128,46,73.6,25,67,33
741,435,3,266,145,94,51,64.8,49,50,50
742,237,1,317,259,59,200,22.8,25,57,43
743,495,2,173,300,81,219,27.0,58,51,49
744,496,2,227,208,101,107,48.6,33,62,38
745,497,1,234,201,21,180,10.4,26,67,33
746,498,2,516,145,12,133,8.3,38,61,39
747,101,2,4,229,20,209,8.7,62,55,45
748,283,1,518,230,189,41,82.2,52,64,36
749,499,1,83,206,58,148,28.2,50,51,49
750,121,1,450,286,113,173,39.5,36,49,51
751,286,4,236,260,172,88,66.2,26,56,44
752,438,1,360,273,215,58,78.8,30,70,30
753,500,2,206,61,53,8,86.9,23,49,51
754,40,2,139,249,67,182,26.9,24,53,47
755,501,1,240,170,99,71,58.2,56,41,59
756,502,4,278,97,35,62,36.1,48,46,54
757,28,1,495,128,77,51,60.2,28,58,42
758,503,2,329,238,23,215,9.7,57,65,35
759,504,1,56,92,90,2,97.8,46,42,58
760,505,4,37,119,1,118,0.8,60,44,56
761,190,1,151,236,17,219,7.2,59,66,34
762,294,2,392,206,80,126,38.8,47,50,50
763,506,3,104,159,123,36,77.4,21,43,57
764,46,2,406,53,49,4,92.5,48,62,38
765,250,3,256,153,147,6,96.1,48,51,49
766,507,2,103,147,126,21,85.7,32,42,58
767,508,1,333,229,88,141,38.4,27,43,57
768,87,1,275,196,19,177,9.7,35,59,41
769,315,4,154,177,98,79,55.4,49,63,37
770,185,2,268,205,54,151,26.3,62,53,47
771,290,4,102,156,6,150,3.8,57,68,32
772,124,3,276,208,56,152,26.9,31,58,42
773,288,3,265,242,133,109,55.0,59,64,36
774,509,3,424,75,19,56,25.3,53,51,49
775,394,4,384,242,54,188,22.3,32,66,34
776,510,2,394,124,41,83,33.1,63,60,40
777,511,3,133,149,128,21,85.9,29,60,40
778,512,3,126,192,131,61,68.2,28,59,41
779,488,1,385,97,28,69,28.9,36,57,43
780,513,1,276,285,228,57,80.0,31,49,51
781,212,3,210,65,37,28,56.9,33,42,58
782,510,3,285,132,87,45,65.9,33,42,58
783,514,3,350,73,12,61,16.4,61,70,30
784,260,3,419,137,44,93,32.1,28,65,35
785,213,3,510,283,73,210,25.8,33,43,57
786,381,3,50,112,95,17,84.8,28,58,42
787,515,2,221,82,15,67,18.3,41,50,50
788,125,3,101,56,53,3,94.6,43,55,45
789,516,2,453,95,73,22,76.8,62,55,45
790,428,2,211,140,1,139,0.7,31,51,49
791,338,2,494,97,22,75,22.7,35,44,56
792,517,2,433,214,55,159,25.7,42,50,50
793,55,3,515,276,67,209,24.3,46,49,51
794,13,2,316,288,110,178,38.2,33,55,45
795,215,2,193,272,88,184,32.4,39,43,57
796,518,4,210,163,27,136,16.6,19,56,44
797,171,2,157,274,14,260,5.1,56,52,48
798,439,4,304,276,252,24,91.3,25,67,33
799,519,1,183,277,9,268,3.2,37,48,52
800,494,2,277,171,43,128,25.1,35,62,38
801,67,2,221,135,125,10,92.6,22,66,34
802,520,1,374,155,120,35,77.4,29,50,50
803,326,3,371,155,128,27,82.6,55,61,39
804,124,4,227,265,225,40,84.9,60,40,60
805,302,4,116,186,98,88,52.7,48,53,47
806,521,3,43,134,124,10,92.5,50,66,34
807,208,3,121,88,16,72,18.2,33,46,54
808,522,2,449,233,198,35,85.0,60,55,45
809,523,2,107,178,126,52,70.8,38,40,60
810,24,2,298,176,102,74,58.0,23,46,54
811,524,2,354,190,50,140,26.3,34,65,35
812,525,2,47,193,128,65,66.3,29,51,49
813,202,1,225,264,137,127,51.9,18,61,39
814,526,2,413,106,33,73,31.1,64,46,54
815,261,4,320,263,217,46,82.5,27,65,35
816,497,4,528,150,128,22,85.3,29,64,36
817,527,3,84,80,38,42,47.5,31,60,40
818,214,3,488,129,113,16,87.6,63,63,37
819,417,4,355,245,140,105,57.1,34,41,59
820,528,2,51,95,63,32,66.3,28,53,47
821,529,4,353,235,121,114,51.5,19,45,55
822,530,3,392,81,47,34,58.0,27,68,32
823,531,3,441,71,7,64,9.9,26,46,54
824,532,3,129,157,9,148,5.7,54,70,30
825,460,2,448,74,56,18,75.7,55,51,49
826,533,1,91,83,11,72,13.3,46,41,59
827,222,1,408,284,265,19,93.3,43,44,56
828,534,3,372,211,165,46,78.2,48,58,42
829,414,1,39,269,24,245,8.9,42,59,41
830,535,3,355,137,85,52,62.0,20,42,58
831,202,2,87,65,35,30,53.8,26,56,44
832,48,4,251,61,16,45,26.2,27,56,44
833,99,2,114,281,237,44,84.3,53,55,45
834,536,1,42,261,142,119,54.4,60,67,33
835,37,3,176,62,52,10,83.9,41,41,59
836,537,1,105,269,210,59,78.1,61,56,44
837,469,1,508,60,24,36,40.0,26,40,60
838,538,2,343,130,52,78,40.0,49,65,35
839,418,2,64,289,19,270,6.6,61,46,54
840,539,4,526,261,179,82,68.6,41,52,48
841,540,1,59,127,96,31,75.6,59,65,35
842,541,3,313,261,105,156,40.2,51,42,58
843,542,2,18,245,197,48,80.4,33,65,35
844,538,4,15,286,55,231,19.2,18,49,51
845,543,4,527,182,43,139,23.6,54,66,34
846,321,1,504,152,93,59,61.2,63,43,57
847,21,2,406,56,55,1,98.2,28,63,37
848,421,4,172,66,26,40,39.4,43,66,34
849,544,4,382,261,152,109,58.2,60,46,54
850,545,2,38,84,40,44,47.6,43,68,32
851,546,4,155,72,59,13,81.9,64,43,57
852,418,3,509,255,46,209,18.0,20,52,48
853,206,3,144,164,100,64,61.0,51,65,35
854,547,4,346,143,109,34,76.2,34,44,56
855,548,1,305,249,187,62,75.1,47,59,41
856,283,1,446,246,91,155,37.0,23,52,48
857,549,2,387,235,206,29,87.7,32,60,40
858,401,3,243,255,173,82,67.8,43,40,60
859,88,1,241,180,172,8,95.6,51,52,48
860,539,4,393,207,138,69,66.7,61,47,53
861,550,2,143,151,116,35,76.8,20,50,50
862,298,2,295,85,56,29,65.9,41,59,41
863,551,4,473,125,39,86,31.2,18,60,40
864,119,3,167,136,86,50,63.2,48,42,58
865,552,4,191,257,36,221,14.0,37,40,60
866,553,3,472,295,272,23,92.2,63,66,34
867,554,1,17,65,30,35,46.2,62,43,57
868,555,4,21,92,31,61,33.7,34,68,32
869,106,4,419,159,151,8,95.0,54,61,39
870,8,1,21,198,124,74,62.6,43,55,45
871,556,1,211,167,67,100,40.1,55,51,49
872,360,1,260,240,206,34,85.8,47,52,48
873,557,1,102,65,61,4,93.8,61,57,43
874,166,4,409,256,254,2,99.2,33,43,57
875,558,3,17,179,92,87,51.4,46,55,45
876,445,4,246,263,230,33,87.5,45,58,42
877,218,4,298,109,10,99,9.2,61,66,34
878,511,1,467,276,209,67,75.7,46,64,36
879,519,4,107,150,51,99,34.0,23,51,49
880,369,4,204,105,49,56,46.7,25,42,58
881,374,2,171,284,108,176,38.0,62,44,56
882,559,2,118,196,128,68,65.3,54,70,30
883,506,3,179,217,164,53,75.6,48,46,54
884,109,4,203,219,42,177,19.2,44,46,54
885,560,4,188,105,63,42,60.0,44,61,39
886,561,3,210,111,71,40,64.0,41,57,43
887,562,4,238,91,27,64,29.7,32,62,38
888,563,2,392,136,79,57,58.1,49,48,52
889,564,4,403,199,47,152,23.6,49,45,55
890,550,2,174,287,134,153,46.7,32,53,47
891,565,1,98,72,40,32,55.6,20,40,60
892,566,3,422,129,88,41,68.2,26,70,30
893,60,2,381,132,91,41,68.9,62,48,52
894,70,4,338,79,10,69,12.7,31,49,51
895,567,2,12,265,78,187,29.4,36,68,32
896,568,2,168,151,131,20,86.8,54,52,48
897,569,3,377,215,191,24,88.8,41,65,35
898,554,2,283,138,6,132,4.3,54,63,37
899,570,3,95,136,63,73,46.3,42,61,39
900,277,3,261,299,220,79,73.6,59,70,30
901,65,1,179,250,104,146,41.6,50,60,40
902,99,1,463,97,56,41,57.7,25,69,31
903,555,2,487,195,122,73,62.6,55,53,47
904,232,1,303,252,160,92,63.5,47,68,32
905,168,4,208,82,16,66,19.5,20,67,33
906,571,3,512,241,142,99,58.9,45,68,32
907,572,1,422,216,79,137,36.6,37,44,56
908,573,3,284,235,14,221,6.0,35,42,58
909,515,2,145,253,31,222,12.3,57,66,34
910,300,2,436,76,49,27,64.5,39,55,45
911,547,3,119,232,223,9,96.1,64,48,52
912,360,3,363,234,195,39,83.3,46,42,58
913,574,2,309,149,48,101,32.2,42,49,51
914,575,2,343,98,46,52,46.9,28,70,30
915,576,2,199,284,126,158,44.4,40,46,54
916,529,2,442,145,70,75,48.3,63,42,58
917,499,4,334,102,77,25,75.5,54,59,41
918,330,1,322,104,32,72,30.8,41,45,55
919,141,1,317,110,102,8,92.7,42,52,48
920,307,1,165,151,117,34,77.5,45,45,55
921,577,1,512,214,157,57,73.4,35,63,37
922,578,2,48,167,1,166,0.6,56,66,34
923,266,4,287,52,48,4,92.3,43,43,57
924,577,1,142,287,217,70,75.6,23,67,33
925,62,2,192,256,84,172,32.8,65,57,43
926,117,4,374,87,24,63,27.6,29,66,34
927,579,2,22,190,59,131,31.1,43,62,38
928,129,3,363,89,73,16,82.0,57,48,52
929,248,2,200,55,46,9,83.6,56,46,54
930,571,3,312,213,15,198,7.0,36,49,51
931,153,3,128,178,105,73,59.0,59,47,53
932,243,3,318,155,13,142,8.4,34,67,33
933,580,4,532,243,126,117,51.9,65,69,31
934,581,2,45,144,2,142,1.4,23,68,32
935,582,1,32,53,12,41,22.6,56,50,50
936,583,2,467,85,67,18,78.8,44,47,53
937,584,1,262,174,100,74,57.5,62,40,60
938,190,3,150,281,250,31,89.0,52,57,43
939,585,3,45,111,67,44,60.4,39,54,46
940,137,3,430,236,188,48,79.7,63,48,52
941,189,4,389,64,25,39,39.1,20,61,39
942,379,2,7,196,166,30,84.7,28,68,32
943,586,4,247,246,1,245,0.4,55,58,42
944,587,1,216,164,126,38,76.8,42,51,49
945,485,3,351,155,74,81,47.7,60,41,59
946,525,4,525,117,93,24,79.5,35,64,36
947,588,2,197,88,57,31,64.8,31,53,47
948,589,3,19,102,69,33,67.6,41,44,56
949,590,2,427,299,125,174,41.8,26,41,59
950,591,1,158,175,53,122,30.3,41,55,45
951,539,1,64,184,43,141,23.4,53,42,58
952,352,1,111,85,13,72,15.3,32,47,53
953,294,2,314,135,44,91,32.6,35,43,57
954,589,1,517,210,124,86,59.0,36,45,55
955,592,2,366,198,87,111,43.9,51,62,38
956,593,3,167,76,41,35,53.9,42,52,48
957,594,3,137,279,183,96,65.6,46,64,36
958,595,3,504,236,154,82,65.3,40,54,46
959,43,4,378,293,139,154,47.4,28,68,32
960,596,2,85,132,126,6,95.5,21,68,32
961,352,3,496,63,44,19,69.8,47,45,55
962,130,3,163,64,60,4,93.8,35,49,51
963,221,3,523,108,53,55,49.1,30,63,37
964,230,4,416,184,145,39,78.8,31,55,45
965,519,4,26,162,117,45,72.2,49,69,31
966,55,4,439,222,163,59,73.4,22,59,41
967,597,2,293,253,39,214,15.4,53,48,52
968,251,3,394,274,53,221,19.3,23,57,43
969,439,2,9,178,51,127,28.7,25,45,55
970,387,4,11,171,5,166,2.9,40,44,56
971,466,4,47,228,122,106,53.5,60,68,32
972,116,2,493,292,122,170,41.8,32,50,50
973,598,3,470,50,11,39,22.0,64,45,55
974,73,1,305,274,232,42,84.7,28,55,45
975,599,1,280,142,47,95,33.1,19,53,47
976,600,3,513,276,27,249,9.8,64,52,48
977,260,3,344,155,6,149,3.9,26,57,43
978,11,1,472,197,31,166,15.7,38,49,51
979,55,4,86,71,51,20,71.8,51,55,45
980,601,3,328,148,123,25,83.1,37,65,35
981,436,1,201,221,168,53,76.0,44,47,53
982,602,1,71,279,205,74,73.5,34,52,48
983,518,2,229,265,127,138,47.9,40,59,41
984,603,1,449,123,18,105,14.6,64,44,56
985,118,1,110,233,136,97,58.4,25,66,34
986,319,3,373,247,85,162,34.4,36,47,53
987,54,2,503,90,80,10,88.9,44,42,58
988,307,3,274,205,26,179,12.7,38,47,53
989,377,3,515,294,171,123,58.2,33,42,58
990,21,1,106,198,109,89,55.1,23,55,45
991,604,2,156,222,83,139,37.4,51,58,42
992,100,1,86,184,167,17,90.8,21,42,58
993,605,4,507,121,115,6,95.0,63,57,43
994,606,2,365,265,121,144,45.7,41,40,60
995,554,4,55,268,132,136,49.3,22,54,46
996,550,4,81,205,199,6,97.1,45,53,47
997,4,1,436,60,16,44,26.7,59,48,52
998,573,1,499,54,26,28,48.1,52,52,48
999,607,1,28,268,259,9,96.6,45,56,44
1000,608,2,244,177,63,114,35.6,60,66,34
